subject,topic_id,topic,attempts,correct,avg_time_sec,accuracy_pct
Английский,39,"Алфавит, фонетика, базовая лексика",3,1,0.0,33.33333333333333
Английский,40,Present Simple и Present Continuous,3,2,0.0,66.66666666666666
Английский,41,Past Simple и Past Continuous,1,1,0.0,100.0
История,33,Древний мир,23,4,0.0,17.391304347826086
История,35,История России: древность и Средневековье,4,2,0.0,50.0
История,37,История России XVIII-XIX вв.,3,1,0.0,33.33333333333333
История,38,XX век: войны и революции,6,2,0.0,33.33333333333333
Математика,1,Натуральные числа и дроби,22,13,0.0,59.09090909090909
Математика,2,Десятичные дроби,62,36,0.0,58.06451612903226
Математика,3,Проценты и пропорции,13,6,0.0,46.15384615384615
Математика,4,Целые числа и координаты,5,4,0.0,80.0
Математика,5,Уравнения и неравенства,2,1,0.0,50.0
Математика,6,Степень и корни,2,1,0.0,50.0
Математика,8,Геометрия: треугольники,9,7,0.0,77.77777777777779
Математика,9,Геометрия: четырёхугольники и окружность,2,1,0.0,50.0