topic_id,subject,topic,lessons_count,tasks_count
39,Английский,"Алфавит, фонетика, базовая лексика",4,8
40,Английский,Present Simple и Present Continuous,4,4
41,Английский,Past Simple и Past Continuous,4,1
42,Английский,Future Simple и конструкция going to,3,0
43,Английский,Модальные глаголы,4,0
44,Английский,Conditionals и косвенная речь,3,0
19,Биология,Клетка — основа жизни,4,0
20,Биология,Царства живой природы,4,0
21,Биология,Растения: строение и функции,4,0
22,Биология,Животные: беспозвоночные,3,0
23,Биология,Животные: позвоночные,3,0
24,Биология,Человек: системы органов,4,0
25,Биология,Эволюция и экология,3,0
45,География,План и карта,4,0
46,География,Литосфера и рельеф,3,0
47,География,Атмосфера и климат,4,0
48,География,"Гидросфера: реки, озёра, океаны",3,0
49,География,Материки и страны,3,0
50,География,География России,3,0
56,Информатика,Информация и её представление,4,0
57,Информатика,Устройство компьютера,3,0
58,Информатика,Алгоритмы и блок-схемы,4,0
59,Информатика,Основы программирования,4,0
60,Информатика,Интернет и безопасность,3,0
33,История,Древний мир,5,31
34,История,Средние века,3,0
35,История,История России: древность и Средневековье,4,8
36,История,Новое время: революции и открытия,3,0
37,История,История России XVIII-XIX вв.,3,3
38,История,XX век: войны и революции,4,6
61,Литература,Устное народное творчество,4,0
62,Литература,Древнерусская литература,3,0
63,Литература,Литература XVIII-XIX вв.,3,0
64,Литература,"Пушкин, Лермонтов, Гоголь",4,0
65,Литература,Литература XX века,4,0
66,Литература,Зарубежная литература,3,0
1,Математика,Натуральные числа и дроби,5,43
2,Математика,Десятичные дроби,5,87
3,Математика,Проценты и пропорции,4,18
4,Математика,Целые числа и координаты,3,10
5,Математика,Уравнения и неравенства,4,4
6,Математика,Степень и корни,3,2
7,Математика,Многочлены и разложение,3,0
8,Математика,Геометрия: треугольники,4,11
9,Математика,Геометрия: четырёхугольники и окружность,4,2
10,Математика,Функции и графики,3,0
11,Русский язык,Фонетика и орфоэпия,4,2
12,Русский язык,Словообразование и морфемика,4,2
13,Русский язык,Морфология: существительное и прилагательное,4,1
14,Русский язык,Морфология: глагол и причастие,4,7
15,Русский язык,Синтаксис и пунктуация,4,1
16,Русский язык,Сложное предложение,3,1
17,Русский язык,Орфография: правописание,4,2
18,Русский язык,Лексика и фразеология,3,1
26,Физика,Введение в физику. Измерения,4,3
27,Физика,Механика: движение и силы,5,2
28,Физика,Давление и закон Паскаля,3,1
29,Физика,"Работа, мощность, энергия",4,2
30,Физика,Тепловые явления,3,2
31,Физика,Электричество и магнетизм,4,3
32,Физика,Оптика: свет и линзы,3,3
51,Химия,"Атомы, молекулы, вещества",4,0
52,Химия,Периодическая таблица Менделеева,4,0
53,Химия,Химические реакции и уравнения,4,0
54,Химия,"Кислоты, основания, соли",3,0
55,Химия,Окислительно-восстановительные реакции,3,0